<?xml version="1.0" encoding="UTF-8"?>
<project-private xmlns="http://www.netbeans.org/ns/project-private/1">
    <editor-bookmarks xmlns="http://www.netbeans.org/ns/editor-bookmarks/2" lastBookmarkId="0"/>
    <open-files xmlns="http://www.netbeans.org/ns/projectui-open-files/2">
        <group>
            <file>file:/C:/SEM%204/CSA3023/floristms/web/floristDashboard.html</file>
            <file>file:/C:/SEM%204/CSA3023/floristms/web/updateProduct.jsp</file>
            <file>file:/C:/SEM%204/CSA3023/floristms/web/success.jsp</file>
            <file>file:/C:/SEM%204/CSA3023/floristms/src/java/dao/com/UserDao.java</file>
            <file>file:/C:/SEM%204/CSA3023/floristms/web/profile.jsp</file>
            <file>file:/C:/SEM%204/CSA3023/floristms/src/java/CreateProductServlet.java</file>
            <file>file:/C:/SEM%204/CSA3023/floristms/web/delivery_shipping.jsp</file>
            <file>file:/C:/SEM%204/CSA3023/floristms/web/logout.jsp</file>
            <file>file:/C:/SEM%204/CSA3023/floristms/web/productList.jsp</file>
            <file>file:/C:/SEM%204/CSA3023/floristms/web/homepage.jsp</file>
            <file>file:/C:/SEM%204/CSA3023/floristms/src/java/com/Dao/SalesDAO.java</file>
            <file>file:/C:/SEM%204/CSA3023/floristms/web/sales.jsp</file>
            <file>file:/C:/SEM%204/CSA3023/floristms/web/WEB-INF/web.xml</file>
            <file>file:/C:/SEM%204/CSA3023/floristms/src/java/com/servlet/DeliveryShippingServlet.java</file>
            <file>file:/C:/SEM%204/CSA3023/floristms/web/createProduct.jsp</file>
            <file>file:/C:/SEM%204/CSA3023/floristms/src/java/com/controller/SalesController.java</file>
            <file>file:/C:/SEM%204/CSA3023/floristms/src/java/AddSaleServlet.java</file>
            <file>file:/C:/SEM%204/CSA3023/floristms/web/image2.jpg</file>
            <file>file:/C:/SEM%204/CSA3023/floristms/web/index.html</file>
            <file>file:/C:/SEM%204/CSA3023/floristms/web/deleteProduct.jsp</file>
            <file>file:/C:/SEM%204/CSA3023/floristms/src/java/com/Dao/DeliveryShippingDAO.java</file>
            <file>file:/C:/SEM%204/CSA3023/floristms/src/java/com/model/Sale.java</file>
            <file>file:/C:/SEM%204/CSA3023/floristms/web/register.jsp</file>
            <file>file:/C:/SEM%204/CSA3023/floristms/src/java/DeleteProductServlet.java</file>
            <file>file:/C:/SEM%204/CSA3023/floristms/web/SaleForm.jsp</file>
            <file>file:/C:/SEM%204/CSA3023/floristms/web/login.jsp</file>
            <file>file:/C:/SEM%204/CSA3023/floristms/homepage.html</file>
            <file>file:/C:/SEM%204/CSA3023/floristms/src/java/com/model/DeliveryShipping.java</file>
        </group>
    </open-files>
</project-private>
